FeatureSpecificParameters_name,morphParameters_name,glcmParameters_name,glrlmParameters_name,gldzmParameters_name,ngtdmParameters_name,ngldmParameters_name,intVolHistParameters_name
FeatureSpecificParameters_1,morphDefaultPyradiomicParameters_1,,,,,,
FeatureSpecificParameters_2,,glcmDefaultPyradiomicParameters_1,,,,,
FeatureSpecificParameters_3,,,glrlmDefaultPyradiomicParameters_1,,,,
FeatureSpecificParameters_4,,,,gldzmDefaultPyradiomicParameters_1,,,
FeatureSpecificParameters_5,,,,,ngtdmDefaultPyradiomicParameters_1,,
FeatureSpecificParameters_6,,,,,,,
FeatureSpecificParameters_7,,,,,,,intVolHistDefaultPyradiomicParameters_1
