FeatureParameterSpace_name,AggregationParameters,ImageFilterSpaceParameters,InterpolationParameters,ReSegmentationParameters,DiscretisationParameters,FeatureSpecificParameters_name
FeatureParameterSpace_1,3D,,,,,FeatureSpecificParameters_1
FeatureParameterSpace_2,3D,,InterpolationParameters_1,ReSegmentationParameters_1,DiscretisationParameters_1,FeatureSpecificParameters_7
FeatureParameterSpace_3,3Davg,,InterpolationParameters_1,ReSegmentationParameters_1,DiscretisationParameters_1,FeatureSpecificParameters_2
FeatureParameterSpace_4,3Davg,,InterpolationParameters_1,ReSegmentationParameters_1,DiscretisationParameters_1,FeatureSpecificParameters_3
FeatureParameterSpace_5,3D,,InterpolationParameters_1,ReSegmentationParameters_1,DiscretisationParameters_1,FeatureSpecificParameters_3
FeatureParameterSpace_6,3D,,InterpolationParameters_1,ReSegmentationParameters_1,DiscretisationParameters_1,FeatureSpecificParameters_4
FeatureParameterSpace_7,3D,,InterpolationParameters_1,ReSegmentationParameters_1,DiscretisationParameters_1,FeatureSpecificParameters_5
FeatureParameterSpace_8,3D,LaplacianOfGaussian1mmWidth,InterpolationParameters_1,ReSegmentationParameters_1,DiscretisationParameters_2,FeatureSpecificParameters_7
FeatureParameterSpace_9,3Davg,LaplacianOfGaussian1mmWidth,InterpolationParameters_1,ReSegmentationParameters_1,DiscretisationParameters_2,FeatureSpecificParameters_2
FeatureParameterSpace_10,3Davg,LaplacianOfGaussian1mmWidth,InterpolationParameters_1,ReSegmentationParameters_1,DiscretisationParameters_2,FeatureSpecificParameters_3
FeatureParameterSpace_11,3D,LaplacianOfGaussian1mmWidth,InterpolationParameters_1,ReSegmentationParameters_1,DiscretisationParameters_2,FeatureSpecificParameters_3
FeatureParameterSpace_12,3D,LaplacianOfGaussian1mmWidth,InterpolationParameters_1,ReSegmentationParameters_1,DiscretisationParameters_2,FeatureSpecificParameters_4
FeatureParameterSpace_13,3D,LaplacianOfGaussian1mmWidth,InterpolationParameters_1,ReSegmentationParameters_1,DiscretisationParameters_2,FeatureSpecificParameters_5
FeatureParameterSpace_14,3D,LaplacianOfGaussian2mmWidth,InterpolationParameters_1,ReSegmentationParameters_1,DiscretisationParameters_2,FeatureSpecificParameters_7
FeatureParameterSpace_15,3Davg,LaplacianOfGaussian2mmWidth,InterpolationParameters_1,ReSegmentationParameters_1,DiscretisationParameters_2,FeatureSpecificParameters_2
FeatureParameterSpace_16,3Davg,LaplacianOfGaussian2mmWidth,InterpolationParameters_1,ReSegmentationParameters_1,DiscretisationParameters_2,FeatureSpecificParameters_3
FeatureParameterSpace_17,3D,LaplacianOfGaussian2mmWidth,InterpolationParameters_1,ReSegmentationParameters_1,DiscretisationParameters_2,FeatureSpecificParameters_3
FeatureParameterSpace_18,3D,LaplacianOfGaussian2mmWidth,InterpolationParameters_1,ReSegmentationParameters_1,DiscretisationParameters_2,FeatureSpecificParameters_4
FeatureParameterSpace_19,3D,LaplacianOfGaussian2mmWidth,InterpolationParameters_1,ReSegmentationParameters_1,DiscretisationParameters_2,FeatureSpecificParameters_5
FeatureParameterSpace_20,3D,LaplacianOfGaussian3mmWidth,InterpolationParameters_1,ReSegmentationParameters_1,DiscretisationParameters_2,FeatureSpecificParameters_7
FeatureParameterSpace_21,3Davg,LaplacianOfGaussian3mmWidth,InterpolationParameters_1,ReSegmentationParameters_1,DiscretisationParameters_2,FeatureSpecificParameters_2
FeatureParameterSpace_22,3Davg,LaplacianOfGaussian3mmWidth,InterpolationParameters_1,ReSegmentationParameters_1,DiscretisationParameters_2,FeatureSpecificParameters_3
FeatureParameterSpace_23,3D,LaplacianOfGaussian3mmWidth,InterpolationParameters_1,ReSegmentationParameters_1,DiscretisationParameters_2,FeatureSpecificParameters_3
FeatureParameterSpace_24,3D,LaplacianOfGaussian3mmWidth,InterpolationParameters_1,ReSegmentationParameters_1,DiscretisationParameters_2,FeatureSpecificParameters_4
FeatureParameterSpace_25,3D,LaplacianOfGaussian3mmWidth,InterpolationParameters_1,ReSegmentationParameters_1,DiscretisationParameters_2,FeatureSpecificParameters_5
FeatureParameterSpace_26,3D,ImageFilterSpace_2,InterpolationParameters_1,ReSegmentationParameters_1,DiscretisationParameters_3,FeatureSpecificParameters_7
FeatureParameterSpace_27,3Davg,ImageFilterSpace_2,InterpolationParameters_1,ReSegmentationParameters_1,DiscretisationParameters_3,FeatureSpecificParameters_2
FeatureParameterSpace_28,3Davg,ImageFilterSpace_2,InterpolationParameters_1,ReSegmentationParameters_1,DiscretisationParameters_3,FeatureSpecificParameters_3
FeatureParameterSpace_29,3D,ImageFilterSpace_2,InterpolationParameters_1,ReSegmentationParameters_1,DiscretisationParameters_3,FeatureSpecificParameters_3
FeatureParameterSpace_30,3D,ImageFilterSpace_2,InterpolationParameters_1,ReSegmentationParameters_1,DiscretisationParameters_3,FeatureSpecificParameters_4
FeatureParameterSpace_31,3D,ImageFilterSpace_2,InterpolationParameters_1,ReSegmentationParameters_1,DiscretisationParameters_3,FeatureSpecificParameters_5
FeatureParameterSpace_32,3D,ImageFilterSpace_3,InterpolationParameters_1,ReSegmentationParameters_1,DiscretisationParameters_3,FeatureSpecificParameters_7
FeatureParameterSpace_33,3Davg,ImageFilterSpace_3,InterpolationParameters_1,ReSegmentationParameters_1,DiscretisationParameters_3,FeatureSpecificParameters_2
FeatureParameterSpace_34,3Davg,ImageFilterSpace_3,InterpolationParameters_1,ReSegmentationParameters_1,DiscretisationParameters_3,FeatureSpecificParameters_3
FeatureParameterSpace_35,3D,ImageFilterSpace_3,InterpolationParameters_1,ReSegmentationParameters_1,DiscretisationParameters_3,FeatureSpecificParameters_3
FeatureParameterSpace_36,3D,ImageFilterSpace_3,InterpolationParameters_1,ReSegmentationParameters_1,DiscretisationParameters_3,FeatureSpecificParameters_4
FeatureParameterSpace_37,3D,ImageFilterSpace_3,InterpolationParameters_1,ReSegmentationParameters_1,DiscretisationParameters_3,FeatureSpecificParameters_5
FeatureParameterSpace_38,3D,ImageFilterSpace_4,InterpolationParameters_1,ReSegmentationParameters_1,DiscretisationParameters_3,FeatureSpecificParameters_7
FeatureParameterSpace_39,3Davg,ImageFilterSpace_4,InterpolationParameters_1,ReSegmentationParameters_1,DiscretisationParameters_3,FeatureSpecificParameters_2
FeatureParameterSpace_40,3Davg,ImageFilterSpace_4,InterpolationParameters_1,ReSegmentationParameters_1,DiscretisationParameters_3,FeatureSpecificParameters_3
FeatureParameterSpace_41,3D,ImageFilterSpace_4,InterpolationParameters_1,ReSegmentationParameters_1,DiscretisationParameters_3,FeatureSpecificParameters_3
FeatureParameterSpace_42,3D,ImageFilterSpace_4,InterpolationParameters_1,ReSegmentationParameters_1,DiscretisationParameters_3,FeatureSpecificParameters_4
FeatureParameterSpace_43,3D,ImageFilterSpace_4,InterpolationParameters_1,ReSegmentationParameters_1,DiscretisationParameters_3,FeatureSpecificParameters_5
FeatureParameterSpace_44,3D,ImageFilterSpace_5,InterpolationParameters_1,ReSegmentationParameters_1,DiscretisationParameters_3,FeatureSpecificParameters_7
FeatureParameterSpace_45,3Davg,ImageFilterSpace_5,InterpolationParameters_1,ReSegmentationParameters_1,DiscretisationParameters_3,FeatureSpecificParameters_2
FeatureParameterSpace_46,3Davg,ImageFilterSpace_5,InterpolationParameters_1,ReSegmentationParameters_1,DiscretisationParameters_3,FeatureSpecificParameters_3
FeatureParameterSpace_47,3D,ImageFilterSpace_5,InterpolationParameters_1,ReSegmentationParameters_1,DiscretisationParameters_3,FeatureSpecificParameters_3
FeatureParameterSpace_48,3D,ImageFilterSpace_5,InterpolationParameters_1,ReSegmentationParameters_1,DiscretisationParameters_3,FeatureSpecificParameters_4
FeatureParameterSpace_49,3D,ImageFilterSpace_5,InterpolationParameters_1,ReSegmentationParameters_1,DiscretisationParameters_3,FeatureSpecificParameters_5
FeatureParameterSpace_50,3D,ImageFilterSpace_6,InterpolationParameters_1,ReSegmentationParameters_1,DiscretisationParameters_3,FeatureSpecificParameters_7
FeatureParameterSpace_51,3Davg,ImageFilterSpace_6,InterpolationParameters_1,ReSegmentationParameters_1,DiscretisationParameters_3,FeatureSpecificParameters_2
FeatureParameterSpace_52,3Davg,ImageFilterSpace_6,InterpolationParameters_1,ReSegmentationParameters_1,DiscretisationParameters_3,FeatureSpecificParameters_3
FeatureParameterSpace_53,3D,ImageFilterSpace_6,InterpolationParameters_1,ReSegmentationParameters_1,DiscretisationParameters_3,FeatureSpecificParameters_3
FeatureParameterSpace_54,3D,ImageFilterSpace_6,InterpolationParameters_1,ReSegmentationParameters_1,DiscretisationParameters_3,FeatureSpecificParameters_4
FeatureParameterSpace_55,3D,ImageFilterSpace_6,InterpolationParameters_1,ReSegmentationParameters_1,DiscretisationParameters_3,FeatureSpecificParameters_5
FeatureParameterSpace_56,3D,ImageFilterSpace_7,InterpolationParameters_1,ReSegmentationParameters_1,DiscretisationParameters_3,FeatureSpecificParameters_7
FeatureParameterSpace_57,3Davg,ImageFilterSpace_7,InterpolationParameters_1,ReSegmentationParameters_1,DiscretisationParameters_3,FeatureSpecificParameters_2
FeatureParameterSpace_58,3Davg,ImageFilterSpace_7,InterpolationParameters_1,ReSegmentationParameters_1,DiscretisationParameters_3,FeatureSpecificParameters_3
FeatureParameterSpace_59,3D,ImageFilterSpace_7,InterpolationParameters_1,ReSegmentationParameters_1,DiscretisationParameters_3,FeatureSpecificParameters_3
FeatureParameterSpace_60,3D,ImageFilterSpace_7,InterpolationParameters_1,ReSegmentationParameters_1,DiscretisationParameters_3,FeatureSpecificParameters_4
FeatureParameterSpace_61,3D,ImageFilterSpace_7,InterpolationParameters_1,ReSegmentationParameters_1,DiscretisationParameters_3,FeatureSpecificParameters_5
FeatureParameterSpace_62,3D,ImageFilterSpace_8,InterpolationParameters_1,ReSegmentationParameters_1,DiscretisationParameters_3,FeatureSpecificParameters_7
FeatureParameterSpace_63,3Davg,ImageFilterSpace_8,InterpolationParameters_1,ReSegmentationParameters_1,DiscretisationParameters_3,FeatureSpecificParameters_2
FeatureParameterSpace_64,3Davg,ImageFilterSpace_8,InterpolationParameters_1,ReSegmentationParameters_1,DiscretisationParameters_3,FeatureSpecificParameters_3
FeatureParameterSpace_65,3D,ImageFilterSpace_8,InterpolationParameters_1,ReSegmentationParameters_1,DiscretisationParameters_3,FeatureSpecificParameters_3
FeatureParameterSpace_66,3D,ImageFilterSpace_8,InterpolationParameters_1,ReSegmentationParameters_1,DiscretisationParameters_3,FeatureSpecificParameters_4
FeatureParameterSpace_67,3D,ImageFilterSpace_8,InterpolationParameters_1,ReSegmentationParameters_1,DiscretisationParameters_3,FeatureSpecificParameters_5
FeatureParameterSpace_68,3D,ImageFilterSpace_1,InterpolationParameters_1,ReSegmentationParameters_1,DiscretisationParameters_3,FeatureSpecificParameters_7
FeatureParameterSpace_69,3Davg,ImageFilterSpace_1,InterpolationParameters_1,ReSegmentationParameters_1,DiscretisationParameters_3,FeatureSpecificParameters_2
FeatureParameterSpace_70,3Davg,ImageFilterSpace_1,InterpolationParameters_1,ReSegmentationParameters_1,DiscretisationParameters_3,FeatureSpecificParameters_3
FeatureParameterSpace_71,3D,ImageFilterSpace_1,InterpolationParameters_1,ReSegmentationParameters_1,DiscretisationParameters_3,FeatureSpecificParameters_3
FeatureParameterSpace_72,3D,ImageFilterSpace_1,InterpolationParameters_1,ReSegmentationParameters_1,DiscretisationParameters_3,FeatureSpecificParameters_4
FeatureParameterSpace_73,3D,ImageFilterSpace_1,InterpolationParameters_1,ReSegmentationParameters_1,DiscretisationParameters_3,FeatureSpecificParameters_5
